getPlayListContent	Lista
removePlayList	Lista
getPlayBackQueue
getRecentlyPlayed
createPlayList	List-0
getPlayListIDs
getPlayListContent	List-0
createPlayList	List-1
getPlayListIDs
getPlayListContent	List-1
createPlayList	List-2
getPlayListIDs
getPlayListContent	List-2
createPlayList	List-3
getPlayListIDs
getPlayListContent	List-3
createPlayList	List-4
getPlayListIDs
getPlayListContent	List-4
createPlayList	List-5
getPlayListIDs
getPlayListContent	List-5
createPlayList	List-6
getPlayListIDs
getPlayListContent	List-6
createPlayList	List-7
getPlayListIDs
getPlayListContent	List-7
createPlayList	List-8
getPlayListIDs
getPlayListContent	List-8
createPlayList	List-9
getPlayListIDs
getPlayListContent	List-9
createPlayList	List-10
getPlayListIDs
getPlayListContent	List-10
createPlayList	List-11
getPlayListIDs
getPlayListContent	List-11
createPlayList	List-12
getPlayListIDs
getPlayListContent	List-12
createPlayList	List-13
getPlayListIDs
getPlayListContent	List-13
createPlayList	List-14
getPlayListIDs
getPlayListContent	List-14
createPlayList	List-15
getPlayListIDs
getPlayListContent	List-15
createPlayList	List-16
getPlayListIDs
getPlayListContent	List-16
createPlayList	List-17
getPlayListIDs
getPlayListContent	List-17
createPlayList	List-18
getPlayListIDs
getPlayListContent	List-18
createPlayList	List-19
getPlayListIDs
getPlayListContent	List-19
createPlayList	List-20
getPlayListIDs
getPlayListContent	List-20
createPlayList	List-21
getPlayListIDs
getPlayListContent	List-21
createPlayList	List-22
getPlayListIDs
getPlayListContent	List-22
createPlayList	List-23
getPlayListIDs
getPlayListContent	List-23
createPlayList	List-24
getPlayListIDs
getPlayListContent	List-24
createPlayList	List-25
getPlayListIDs
getPlayListContent	List-25
createPlayList	List-26
getPlayListIDs
getPlayListContent	List-26
createPlayList	List-27
getPlayListIDs
getPlayListContent	List-27
createPlayList	List-28
getPlayListIDs
getPlayListContent	List-28
createPlayList	List-29
getPlayListIDs
getPlayListContent	List-29
createPlayList	List-30
getPlayListIDs
getPlayListContent	List-30
createPlayList	List-31
getPlayListIDs
getPlayListContent	List-31
createPlayList	List-32
getPlayListIDs
getPlayListContent	List-32
createPlayList	List-33
getPlayListIDs
getPlayListContent	List-33
createPlayList	List-34
getPlayListIDs
getPlayListContent	List-34
createPlayList	List-35
getPlayListIDs
getPlayListContent	List-35
createPlayList	List-36
getPlayListIDs
getPlayListContent	List-36
createPlayList	List-37
getPlayListIDs
getPlayListContent	List-37
createPlayList	List-38
getPlayListIDs
getPlayListContent	List-38
createPlayList	List-39
getPlayListIDs
getPlayListContent	List-39
createPlayList	List-40
getPlayListIDs
getPlayListContent	List-40
createPlayList	List-41
getPlayListIDs
getPlayListContent	List-41
createPlayList	List-42
getPlayListIDs
getPlayListContent	List-42
createPlayList	List-43
getPlayListIDs
getPlayListContent	List-43
createPlayList	List-44
getPlayListIDs
getPlayListContent	List-44
createPlayList	List-45
getPlayListIDs
getPlayListContent	List-45
createPlayList	List-46
getPlayListIDs
getPlayListContent	List-46
createPlayList	List-47
getPlayListIDs
getPlayListContent	List-47
createPlayList	List-48
getPlayListIDs
getPlayListContent	List-48
createPlayList	List-49
getPlayListIDs
getPlayListContent	List-49
createPlayList	List-50
getPlayListIDs
getPlayListContent	List-50
createPlayList	List-51
getPlayListIDs
getPlayListContent	List-51
createPlayList	List-52
getPlayListIDs
getPlayListContent	List-52
createPlayList	List-53
getPlayListIDs
getPlayListContent	List-53
createPlayList	List-54
getPlayListIDs
getPlayListContent	List-54
createPlayList	List-55
getPlayListIDs
getPlayListContent	List-55
createPlayList	List-56
getPlayListIDs
getPlayListContent	List-56
createPlayList	List-57
getPlayListIDs
getPlayListContent	List-57
createPlayList	List-58
getPlayListIDs
getPlayListContent	List-58
createPlayList	List-59
getPlayListIDs
getPlayListContent	List-59
createPlayList	List-60
getPlayListIDs
getPlayListContent	List-60
createPlayList	List-61
getPlayListIDs
getPlayListContent	List-61
createPlayList	List-62
getPlayListIDs
getPlayListContent	List-62
createPlayList	List-63
getPlayListIDs
getPlayListContent	List-63
createPlayList	List-64
getPlayListIDs
getPlayListContent	List-64
createPlayList	List-65
getPlayListIDs
getPlayListContent	List-65
createPlayList	List-66
getPlayListIDs
getPlayListContent	List-66
createPlayList	List-67
getPlayListIDs
getPlayListContent	List-67
createPlayList	List-68
getPlayListIDs
getPlayListContent	List-68
createPlayList	List-69
getPlayListIDs
getPlayListContent	List-69
createPlayList	List-70
getPlayListIDs
getPlayListContent	List-70
createPlayList	List-71
getPlayListIDs
getPlayListContent	List-71
createPlayList	List-72
getPlayListIDs
getPlayListContent	List-72
createPlayList	List-73
getPlayListIDs
getPlayListContent	List-73
createPlayList	List-74
getPlayListIDs
getPlayListContent	List-74
createPlayList	List-75
getPlayListIDs
getPlayListContent	List-75
createPlayList	List-76
getPlayListIDs
getPlayListContent	List-76
createPlayList	List-77
getPlayListIDs
getPlayListContent	List-77
createPlayList	List-78
getPlayListIDs
getPlayListContent	List-78
createPlayList	List-79
getPlayListIDs
getPlayListContent	List-79
createPlayList	List-80
getPlayListIDs
getPlayListContent	List-80
createPlayList	List-81
getPlayListIDs
getPlayListContent	List-81
createPlayList	List-82
getPlayListIDs
getPlayListContent	List-82
createPlayList	List-83
getPlayListIDs
getPlayListContent	List-83
createPlayList	List-84
getPlayListIDs
getPlayListContent	List-84
createPlayList	List-85
getPlayListIDs
getPlayListContent	List-85
createPlayList	List-86
getPlayListIDs
getPlayListContent	List-86
createPlayList	List-87
getPlayListIDs
getPlayListContent	List-87
createPlayList	List-88
getPlayListIDs
getPlayListContent	List-88
createPlayList	List-89
getPlayListIDs
getPlayListContent	List-89
createPlayList	List-90
getPlayListIDs
getPlayListContent	List-90
createPlayList	List-91
getPlayListIDs
getPlayListContent	List-91
createPlayList	List-92
getPlayListIDs
getPlayListContent	List-92
createPlayList	List-93
getPlayListIDs
getPlayListContent	List-93
createPlayList	List-94
getPlayListIDs
getPlayListContent	List-94
createPlayList	List-95
getPlayListIDs
getPlayListContent	List-95
createPlayList	List-96
getPlayListIDs
getPlayListContent	List-96
createPlayList	List-97
getPlayListIDs
getPlayListContent	List-97
createPlayList	List-98
getPlayListIDs
getPlayListContent	List-98
createPlayList	List-99
getPlayListIDs
getPlayListContent	List-99
addListOfTunesToPlayList	List-0
addListOfTunesToPlayBackQueue
addPlayListToPlayBackQueue	List-0
removeTuneFromPlayList	List-0	1
clearPlayBackQueue
addListOfTunesToPlayList	List-0	10046	407	3247	8685	857	6029
getPlayListContent	List-0
addListOfTunesToPlayList	List-1	2675	8511	456	4718	3336	505	1365	4304	3673
getPlayListContent	List-1
addListOfTunesToPlayList	List-2	961	3089
getPlayListContent	List-2
addListOfTunesToPlayList	List-3	3772
getPlayListContent	List-3
addListOfTunesToPlayList	List-4	1649	1017
getPlayListContent	List-4
addListOfTunesToPlayList	List-5	8633	8204	9029	7353
getPlayListContent	List-5
addListOfTunesToPlayList	List-6	1540	412	7003	8316	2829	7914	1467	4748	6183
getPlayListContent	List-6
addListOfTunesToPlayList	List-7	5888	2232	1014	1570	5493	265
getPlayListContent	List-7
addListOfTunesToPlayList	List-8	3869	8478	2379	2188	4972	5356	9559	8172	9468
getPlayListContent	List-8
addListOfTunesToPlayList	List-9	1404	4127	10935	2045	6156	8655	4710	4638	4572
getPlayListContent	List-9
addListOfTunesToPlayList	List-10	5204	10835	734	8993
getPlayListContent	List-10
addListOfTunesToPlayList	List-11	8991	2001
getPlayListContent	List-11
addListOfTunesToPlayList	List-12	9105	6956	4348	2860	5573	876	7560	7237	10266
getPlayListContent	List-12
addListOfTunesToPlayList	List-13	7418	10403	3356	2784
getPlayListContent	List-13
addListOfTunesToPlayList	List-14	3837	6436	1261	2062	9873	3803	5053
getPlayListContent	List-14
addListOfTunesToPlayList	List-15	3657	10575
getPlayListContent	List-15
addListOfTunesToPlayList	List-16	7432	3743	7235	8448	5958
getPlayListContent	List-16
addListOfTunesToPlayList	List-17	8321	509	6333	833
getPlayListContent	List-17
addListOfTunesToPlayList	List-18	4986	4814	10616
getPlayListContent	List-18
addListOfTunesToPlayList	List-19	4133
getPlayListContent	List-19
addListOfTunesToPlayList	List-20	7100	4448	7379	4941	10666	5570
getPlayListContent	List-20
addListOfTunesToPlayList	List-21	585	3315	947	11314	9426
getPlayListContent	List-21
addListOfTunesToPlayList	List-22	5365	8238	4279	241	7304	7265	6413
getPlayListContent	List-22
addListOfTunesToPlayList	List-23	9253	1380	4820	2564	6817	4186	5909
getPlayListContent	List-23
addListOfTunesToPlayList	List-24	3204	6813	4925
getPlayListContent	List-24
addListOfTunesToPlayList	List-25	7403	687	7771	5564	9313	10623	3544
getPlayListContent	List-25
addListOfTunesToPlayList	List-26	9426	11221	357	4220	5346	7914	10275	6481
getPlayListContent	List-26
addListOfTunesToPlayList	List-27	5922	7152	1257	2591	9028	4871	3513	2827	9166
getPlayListContent	List-27
addListOfTunesToPlayList	List-28	2035	1374	9228	9510	2780	5838	2810
getPlayListContent	List-28
addListOfTunesToPlayList	List-29	8380	1066	8195	3953	4406	7803	6876
getPlayListContent	List-29
addListOfTunesToPlayList	List-30	6835	4954	6456	5800	3028
getPlayListContent	List-30
addListOfTunesToPlayList	List-31	2658
getPlayListContent	List-31
addListOfTunesToPlayList	List-32	6520	4642	8725	33	9956	1864
getPlayListContent	List-32
addListOfTunesToPlayList	List-33	4784	11299
getPlayListContent	List-33
addListOfTunesToPlayList	List-34	3936	4309	11121	8470	10543	9121	10455
getPlayListContent	List-34
addListOfTunesToPlayList	List-35	7877	652	7395	134
getPlayListContent	List-35
addListOfTunesToPlayList	List-36	7532	6365	6043	5328	9175
getPlayListContent	List-36
addListOfTunesToPlayList	List-37	8787	8087	1519	9147	4216	9241
getPlayListContent	List-37
addListOfTunesToPlayList	List-38	2909	786	6370	5293	2714	1014
getPlayListContent	List-38
addListOfTunesToPlayList	List-39	2234
getPlayListContent	List-39
addListOfTunesToPlayList	List-40	6128	7692	769	1206	987	27	8662
getPlayListContent	List-40
addListOfTunesToPlayList	List-41	10385
getPlayListContent	List-41
addListOfTunesToPlayList	List-42	2371	7442	8609	9421	2706
getPlayListContent	List-42
addListOfTunesToPlayList	List-43	9484	4531
getPlayListContent	List-43
addListOfTunesToPlayList	List-44	648	3455	2525	881
getPlayListContent	List-44
addListOfTunesToPlayList	List-45	1402	8231	1714	4063	3527	5062	8649
getPlayListContent	List-45
addListOfTunesToPlayList	List-46	51	9447	4539	5489	2812	1030	3062	1824	8975	10398
getPlayListContent	List-46
addListOfTunesToPlayList	List-47	5079
getPlayListContent	List-47
addListOfTunesToPlayList	List-48	8928
getPlayListContent	List-48
addListOfTunesToPlayList	List-49	7181	10538	9938
getPlayListContent	List-49
addListOfTunesToPlayList	List-50	5856	10786	10408	11128
getPlayListContent	List-50
addListOfTunesToPlayList	List-51	721	9747	8897	645	2459	3050	8030	8932
getPlayListContent	List-51
addListOfTunesToPlayList	List-52	976	4946	3536	1381	6343	6946	9363	273	9345	10683
getPlayListContent	List-52
addListOfTunesToPlayList	List-53	3731	899	5548	7009	7982	9860	7296	4771
getPlayListContent	List-53
addListOfTunesToPlayList	List-54	3616	2871	3260	6478
getPlayListContent	List-54
addListOfTunesToPlayList	List-55	5212
getPlayListContent	List-55
addListOfTunesToPlayList	List-56	4979	9703	3181	7122	1149	10939	6615	6073
getPlayListContent	List-56
addListOfTunesToPlayList	List-57	7523
getPlayListContent	List-57
addListOfTunesToPlayList	List-58	10922	5118	8896	2744	2106	8658	3327	9220
getPlayListContent	List-58
addListOfTunesToPlayList	List-59	7549	1934	11290	265	8465
getPlayListContent	List-59
addListOfTunesToPlayList	List-60	4472	1679	5849	1017	9584
getPlayListContent	List-60
addListOfTunesToPlayList	List-61	7823	4528	5762	6070	5609	8761	4728	10778	3162	3135
getPlayListContent	List-61
addListOfTunesToPlayList	List-62	6696	3281	4999	1150	3164	5916	9505	3383	9364
getPlayListContent	List-62
addListOfTunesToPlayList	List-63	1148	10631	8463	861	6565	426	8570
getPlayListContent	List-63
addListOfTunesToPlayList	List-64	10668	8113	265	7477	1583	9382	10009	3548	10516	804
getPlayListContent	List-64
addListOfTunesToPlayList	List-65	11132	2923	9649
getPlayListContent	List-65
addListOfTunesToPlayList	List-66	6089	3765	2698	2319	7339	10338	9697	2262	4672
getPlayListContent	List-66
addListOfTunesToPlayList	List-67	7982	7069	3157
getPlayListContent	List-67
addListOfTunesToPlayList	List-68	10423	8431	3158	1368	2664	8965	968
getPlayListContent	List-68
addListOfTunesToPlayList	List-69	7968	7058	4382	8302	10541	4348	10716	1880	8818
getPlayListContent	List-69
addListOfTunesToPlayList	List-70	9373	3711	8454	5527	5056	9097
getPlayListContent	List-70
addListOfTunesToPlayList	List-71	9427	5730
getPlayListContent	List-71
addListOfTunesToPlayList	List-72	6847	225	8061	862	5455
getPlayListContent	List-72
addListOfTunesToPlayList	List-73	1798	3986	4743	1040	3346	9773	3872
getPlayListContent	List-73
addListOfTunesToPlayList	List-74	7180	3163	5223	7747	8368	8156
getPlayListContent	List-74
addListOfTunesToPlayList	List-75	7299	2402	10341	1006	2493	6709	3491
getPlayListContent	List-75
addListOfTunesToPlayList	List-76	7075	9109	5670	9145	2980	6477	8808	10456	5761
getPlayListContent	List-76
addListOfTunesToPlayList	List-77	4936
getPlayListContent	List-77
addListOfTunesToPlayList	List-78	1505	4846	2829	5622	6939	9137	9849	9129	9869
getPlayListContent	List-78
addListOfTunesToPlayList	List-79	3033	620	6087	7969	6545
getPlayListContent	List-79
addListOfTunesToPlayList	List-80	9169	1496	7404	4514
getPlayListContent	List-80
addListOfTunesToPlayList	List-81	7738	588	1190	2349	1177	8988	214	10678	5928	5920
getPlayListContent	List-81
addListOfTunesToPlayList	List-82	6963	4083	2239	5762	10041	9550	6377	8359	5922
getPlayListContent	List-82
addListOfTunesToPlayList	List-83	5685	6800	5958	684	6779	9539	1149
getPlayListContent	List-83
addListOfTunesToPlayList	List-84	10785	3763	2848	8304	6694	394
getPlayListContent	List-84
addListOfTunesToPlayList	List-85	3247	2349	9277	4413	4628	5565	3152	6664	9597	4987
getPlayListContent	List-85
addListOfTunesToPlayList	List-86	5613
getPlayListContent	List-86
addListOfTunesToPlayList	List-87	9487	2550	1910
getPlayListContent	List-87
addListOfTunesToPlayList	List-88	5952	1820	8678	72	3017	7671	1898	8138	5398
getPlayListContent	List-88
addListOfTunesToPlayList	List-89	4357
getPlayListContent	List-89
addListOfTunesToPlayList	List-90	9115	9040	5938	829	10314	5942
getPlayListContent	List-90
addListOfTunesToPlayList	List-91	10107	10364	1114	11094	10390
getPlayListContent	List-91
addListOfTunesToPlayList	List-92	9024	10674
getPlayListContent	List-92
addListOfTunesToPlayList	List-93	3149	4511	4642	6134	661	8229	5301	595	1654
getPlayListContent	List-93
addListOfTunesToPlayList	List-94	2532	856	11041	11338	388	7730	9227	1825
getPlayListContent	List-94
addListOfTunesToPlayList	List-95	7071	8384	6448	2402
getPlayListContent	List-95
addListOfTunesToPlayList	List-96	7809	10640	11331
getPlayListContent	List-96
addListOfTunesToPlayList	List-97	6585	1517	7011
getPlayListContent	List-97
addListOfTunesToPlayList	List-98	145	8414	3847	8644
getPlayListContent	List-98
addListOfTunesToPlayList	List-99	4930	3718	11196
getPlayListContent	List-99
getPlayListContent	List-0
getPlayListContent	List-1
getPlayListContent	List-2
getPlayListContent	List-3
getPlayListContent	List-4
getPlayListContent	List-5
getPlayListContent	List-6
getPlayListContent	List-7
getPlayListContent	List-8
getPlayListContent	List-9
addListOfTunesToPlayList	List-0	4657	9980	1169
getPlayListContent	List-0
addListOfTunesToPlayList	List-1	11113	5712	2117	8038	4181	9116	9653	4016	2465
getPlayListContent	List-1
addListOfTunesToPlayList	List-2	8234	2221	10643	6261
getPlayListContent	List-2
addListOfTunesToPlayList	List-3	10194	2466	6818	6056	7145	6053	1172	3404	10410	4368
getPlayListContent	List-3
addListOfTunesToPlayList	List-4	4211	3467	7402	4082	2411	6359	9308	9022
getPlayListContent	List-4
addListOfTunesToPlayList	List-5	455	6804
getPlayListContent	List-5
addListOfTunesToPlayList	List-6	6692	9660	4163
getPlayListContent	List-6
addListOfTunesToPlayList	List-7	1710	6829	10027	7785	1381	9773	5001	5228	10374	8371
getPlayListContent	List-7
addListOfTunesToPlayList	List-8	10769
getPlayListContent	List-8
addListOfTunesToPlayList	List-9	8454	4263
getPlayListContent	List-9
addListOfTunesToPlayList	List-10	1997	1191	5379
getPlayListContent	List-10
addListOfTunesToPlayList	List-11	3396
getPlayListContent	List-11
addListOfTunesToPlayList	List-12	4615	11248	8598	9954	4107	2613	10733
getPlayListContent	List-12
addListOfTunesToPlayList	List-13	10314	3823	9882	10031	9644	5093
getPlayListContent	List-13
addListOfTunesToPlayList	List-14	10658	10770	9756	2344	1854	2590	11074
getPlayListContent	List-14
addListOfTunesToPlayList	List-15	6773	10117	10667	5179	595
getPlayListContent	List-15
addListOfTunesToPlayList	List-16	5477	5099	8596	7917	5101	9689	8754	8078	2917
getPlayListContent	List-16
addListOfTunesToPlayList	List-17	9018	10894	10894	894	3726	2883	5591	4939	1019
getPlayListContent	List-17
addListOfTunesToPlayList	List-18	4340	6703	4584	4760	1693	6757	11123	10899
getPlayListContent	List-18
addListOfTunesToPlayList	List-19	4210	6053	1231	7546	11354	584
getPlayListContent	List-19
addListOfTunesToPlayList	List-20	6736	4455	57	612
getPlayListContent	List-20
addListOfTunesToPlayList	List-21	8622	3096	4015	3453	5951	3882	7843	3240	7023	9791
getPlayListContent	List-21
addListOfTunesToPlayList	List-22	7109	6195	4911	6970	7771
getPlayListContent	List-22
addListOfTunesToPlayList	List-23	5863	10906	3807	10334	8314	389
getPlayListContent	List-23
addListOfTunesToPlayList	List-24	7495	3156	8737	8853	1529
getPlayListContent	List-24
addListOfTunesToPlayList	List-25	7397	5679	9631	5678	7012	11020
getPlayListContent	List-25
addListOfTunesToPlayList	List-26	5590	8326	2529	3380	4916	8703
getPlayListContent	List-26
addListOfTunesToPlayList	List-27	2413	10201	686	8226	2194	3693	7637
getPlayListContent	List-27
addListOfTunesToPlayList	List-28	3461	2053	1388
getPlayListContent	List-28
addListOfTunesToPlayList	List-29	7552	872	2184	5699	1710
getPlayListContent	List-29
addListOfTunesToPlayList	List-30	2941	4259	2921	9345	520	5910	2144
getPlayListContent	List-30
addListOfTunesToPlayList	List-31	7760	2748	10333	9569
getPlayListContent	List-31
addListOfTunesToPlayList	List-32	3515	6385	6868	3446	1120	6262
getPlayListContent	List-32
addListOfTunesToPlayList	List-33	3838	6326	6490	2875	7554	1691	5699	1611
getPlayListContent	List-33
addListOfTunesToPlayList	List-34	9489
getPlayListContent	List-34
addListOfTunesToPlayList	List-35	4463	1951
getPlayListContent	List-35
addListOfTunesToPlayList	List-36	7233	4469	10367	4198	1423	4606
getPlayListContent	List-36
addListOfTunesToPlayList	List-37	9962	4635	5277
getPlayListContent	List-37
addListOfTunesToPlayList	List-38	9319
getPlayListContent	List-38
addListOfTunesToPlayList	List-39	6273	11205	10940
getPlayListContent	List-39
addListOfTunesToPlayList	List-40	1053	4381	11148	4864	10497	9166	9510
getPlayListContent	List-40
addListOfTunesToPlayList	List-41	3545	6521
getPlayListContent	List-41
addListOfTunesToPlayList	List-42	3877	4510	6329	2682	5689	1965	8717	8646	11200	6171
getPlayListContent	List-42
addListOfTunesToPlayList	List-43	6062	2222	1112	8895	9941
getPlayListContent	List-43
addListOfTunesToPlayList	List-44	10664	5918	7264	7926	6754
getPlayListContent	List-44
addListOfTunesToPlayList	List-45	6665	9864	4267	1113	9217	1586
getPlayListContent	List-45
addListOfTunesToPlayList	List-46	994	8314	5311	1388	6226	8882
getPlayListContent	List-46
addListOfTunesToPlayList	List-47	6086	4454	8617	11236	483
getPlayListContent	List-47
addListOfTunesToPlayList	List-48	9057	3689	4007
getPlayListContent	List-48
addListOfTunesToPlayList	List-49	1027	11062	8103	8821
getPlayListContent	List-49
addListOfTunesToPlayList	List-50	1833	2942	11268
getPlayListContent	List-50
addListOfTunesToPlayList	List-51	10161	8750	7333
getPlayListContent	List-51
addListOfTunesToPlayList	List-52	4015	4204	2850	813	944
getPlayListContent	List-52
addListOfTunesToPlayList	List-53	4371	2933	4518	8370
getPlayListContent	List-53
addListOfTunesToPlayList	List-54	3196	7608	3830	2168	9111
getPlayListContent	List-54
addListOfTunesToPlayList	List-55	10242	4346	920	6320	694
getPlayListContent	List-55
addListOfTunesToPlayList	List-56	10126
getPlayListContent	List-56
addListOfTunesToPlayList	List-57	4685	1107	4083	6781	1508	6106	190	1721	6952	2934
getPlayListContent	List-57
addListOfTunesToPlayList	List-58	4829	1439	9388	748
getPlayListContent	List-58
addListOfTunesToPlayList	List-59	9521	8563	6622	6651	6882	9448
getPlayListContent	List-59
addListOfTunesToPlayList	List-60	10011
getPlayListContent	List-60
addListOfTunesToPlayList	List-61	1149	8347	987	10107	6314	6401	1292	8012	8879	8392
getPlayListContent	List-61
addListOfTunesToPlayList	List-62	7391	607	406
getPlayListContent	List-62
addListOfTunesToPlayList	List-63	1028	7598	9513	11147	4947	8131	2247
getPlayListContent	List-63
addListOfTunesToPlayList	List-64	10510	6960	6213	2803	4531	3435	9532	147	9570	7832
getPlayListContent	List-64
addListOfTunesToPlayList	List-65	7713	10092	9510	2846	3766	11154	464	2979
getPlayListContent	List-65
addListOfTunesToPlayList	List-66	4623	5144	2900	4473	2576	860	10527	9344
getPlayListContent	List-66
addListOfTunesToPlayList	List-67	2208	6421
getPlayListContent	List-67
addListOfTunesToPlayList	List-68	8623	8543	2487
getPlayListContent	List-68
addListOfTunesToPlayList	List-69	3501	2962	3899	5564	7997	2896	8146	9427	10354
getPlayListContent	List-69
addListOfTunesToPlayList	List-70	5004	2479	7437	3569	7728
getPlayListContent	List-70
addListOfTunesToPlayList	List-71	4291	1343	8439
getPlayListContent	List-71
addListOfTunesToPlayList	List-72	3846	1081	721	1403
getPlayListContent	List-72
addListOfTunesToPlayList	List-73	10906	9176	2000	555	1479	801	4953	9571
getPlayListContent	List-73
addListOfTunesToPlayList	List-74	5314	4137	1527	2184	7782
getPlayListContent	List-74
addListOfTunesToPlayList	List-75	8077	7864	7005	10009	8501
getPlayListContent	List-75
addListOfTunesToPlayList	List-76	10504	2752	3199
getPlayListContent	List-76
addListOfTunesToPlayList	List-77	6266	8208	177	10046	7404	836
getPlayListContent	List-77
addListOfTunesToPlayList	List-78	6026	155	1881	8501	4579	3581	2995	3199	8614	2720
getPlayListContent	List-78
addListOfTunesToPlayList	List-79	2348	5699	2155	11325	3031	6792	4727	11093	8258
getPlayListContent	List-79
addListOfTunesToPlayList	List-80	538	9649	10716	443	3608	1064	5682	9086	2903
getPlayListContent	List-80
addListOfTunesToPlayList	List-81	4963	9438	3899
getPlayListContent	List-81
addListOfTunesToPlayList	List-82	10187	4881	805
getPlayListContent	List-82
addListOfTunesToPlayList	List-83	10965	292
getPlayListContent	List-83
addListOfTunesToPlayList	List-84	7915	793
getPlayListContent	List-84
addListOfTunesToPlayList	List-85	8824	6119	10636	479	2430	8997	5881
getPlayListContent	List-85
addListOfTunesToPlayList	List-86	6034	6724	2407	1307	11353	2225	4635	7583	7359
getPlayListContent	List-86
addListOfTunesToPlayList	List-87	9163	5350	8713	1453
getPlayListContent	List-87
addListOfTunesToPlayList	List-88	920	9039	10176	10393	5010	4917	4404
getPlayListContent	List-88
addListOfTunesToPlayList	List-89	4971	6069	6334	7558
getPlayListContent	List-89
addListOfTunesToPlayList	List-90	9781	8010	10051	3858	415	10885	5027	9055	111
getPlayListContent	List-90
addListOfTunesToPlayList	List-91	6537	9203
getPlayListContent	List-91
addListOfTunesToPlayList	List-92	1928	6503	9112	6401	10889	748	4428	2660	5114
getPlayListContent	List-92
addListOfTunesToPlayList	List-93	11139	7054	1307	7415	7228	2278	1734	2852	8455	5387
getPlayListContent	List-93
addListOfTunesToPlayList	List-94	8550	1066	4921
getPlayListContent	List-94
addListOfTunesToPlayList	List-95	8885	3468	3322	2767	9433	7011	1667	8260	2528	2905
getPlayListContent	List-95
addListOfTunesToPlayList	List-96	4088	9621
getPlayListContent	List-96
addListOfTunesToPlayList	List-97	9843	309	526	4153
getPlayListContent	List-97
addListOfTunesToPlayList	List-98	2771
getPlayListContent	List-98
addListOfTunesToPlayList	List-99	1525
getPlayListContent	List-99
getPlayListContent	List-0
getPlayListContent	List-1
getPlayListContent	List-2
getPlayListContent	List-3
getPlayListContent	List-4
getPlayListContent	List-5
getPlayListContent	List-6
getPlayListContent	List-7
getPlayListContent	List-8
getPlayListContent	List-9
getPlayListContent	List-0
removeTuneFromPlayList	List-0	10046
removeTuneFromPlayList	List-0	4657
getPlayListContent	List-0
getPlayListContent	List-1
removeTuneFromPlayList	List-1	2675
removeTuneFromPlayList	List-1	11113
getPlayListContent	List-1
getPlayListContent	List-2
removeTuneFromPlayList	List-2	961
removeTuneFromPlayList	List-2	8234
getPlayListContent	List-2
getPlayListContent	List-3
removeTuneFromPlayList	List-3	3772
removeTuneFromPlayList	List-3	10194
getPlayListContent	List-3
getPlayListContent	List-4
removeTuneFromPlayList	List-4	1649
removeTuneFromPlayList	List-4	4211
getPlayListContent	List-4
getPlayListContent	List-5
removeTuneFromPlayList	List-5	8633
removeTuneFromPlayList	List-5	455
getPlayListContent	List-5
getPlayListContent	List-6
removeTuneFromPlayList	List-6	1540
removeTuneFromPlayList	List-6	6692
getPlayListContent	List-6
getPlayListContent	List-7
removeTuneFromPlayList	List-7	5888
removeTuneFromPlayList	List-7	1710
getPlayListContent	List-7
getPlayListContent	List-8
removeTuneFromPlayList	List-8	3869
removeTuneFromPlayList	List-8	10769
getPlayListContent	List-8
getPlayListContent	List-9
removeTuneFromPlayList	List-9	1404
removeTuneFromPlayList	List-9	8454
getPlayListContent	List-9
addPlayListToPlayBackQueue	List-8
addPlayListToPlayBackQueue	List-4
getPlayBackQueue
clearPlayBackQueue
getPlayBackQueue
addPlayListToPlayBackQueue	List-8
play
getRecentlyPlayed
play
getRecentlyPlayed
play
getRecentlyPlayed
play
getRecentlyPlayed
play
getRecentlyPlayed
play
getRecentlyPlayed
play
getRecentlyPlayed
play
getRecentlyPlayed
play
getRecentlyPlayed
play
getRecentlyPlayed
play
getRecentlyPlayed
play
getRecentlyPlayed
play
getRecentlyPlayed
play
getRecentlyPlayed
play
getRecentlyPlayed
play
getRecentlyPlayed
play
getRecentlyPlayed
play
getRecentlyPlayed
play
getRecentlyPlayed
play
getRecentlyPlayed
play
getRecentlyPlayed
play
getRecentlyPlayed
play
getRecentlyPlayed
play
getRecentlyPlayed
play
getRecentlyPlayed
play
getRecentlyPlayed
play
getRecentlyPlayed
play
getRecentlyPlayed
play
getRecentlyPlayed
play
getRecentlyPlayed
play
getRecentlyPlayed
play
getRecentlyPlayed
play
getRecentlyPlayed
play
getRecentlyPlayed
play
getRecentlyPlayed
play
getRecentlyPlayed
addListOfTunesToPlayBackQueue		504	9512	7206	2574	74	8415	3686	4158	8802	7087	6997	8732	3216	7536	8752	11238	7510	239	6027	1704	91	2610	9962	5641	7352	8326	490	3451	1015	6122	2317	2155	2268	1622	5618	409	10070	3821	2795	5425	1492	2246	8100	2703	8478	1837	4880	3869	6368	9965	6963	928	4902	1921	8611	9882	11163	8158	271	2923	3783	1960	10083	1741	4229	10337	8782	7157	1191
getPlayBackQueue
clearPlayBackQueue
removePlayList	List-0
getPlayListIDs
getPlayListContent	List-0
removePlayList	List-1
getPlayListIDs
getPlayListContent	List-1
removePlayList	List-2
getPlayListIDs
getPlayListContent	List-2
removePlayList	List-3
getPlayListIDs
getPlayListContent	List-3
removePlayList	List-4
getPlayListIDs
getPlayListContent	List-4
removePlayList	List-5
getPlayListIDs
getPlayListContent	List-5
removePlayList	List-6
getPlayListIDs
getPlayListContent	List-6
removePlayList	List-7
getPlayListIDs
getPlayListContent	List-7
removePlayList	List-8
getPlayListIDs
getPlayListContent	List-8
removePlayList	List-9
getPlayListIDs
getPlayListContent	List-9
removePlayList	List-10
getPlayListIDs
getPlayListContent	List-10
removePlayList	List-11
getPlayListIDs
getPlayListContent	List-11
removePlayList	List-12
getPlayListIDs
getPlayListContent	List-12
removePlayList	List-13
getPlayListIDs
getPlayListContent	List-13
removePlayList	List-14
getPlayListIDs
getPlayListContent	List-14
removePlayList	List-15
getPlayListIDs
getPlayListContent	List-15
removePlayList	List-16
getPlayListIDs
getPlayListContent	List-16
removePlayList	List-17
getPlayListIDs
getPlayListContent	List-17
removePlayList	List-18
getPlayListIDs
getPlayListContent	List-18
removePlayList	List-19
getPlayListIDs
getPlayListContent	List-19
removePlayList	List-20
getPlayListIDs
getPlayListContent	List-20
removePlayList	List-21
getPlayListIDs
getPlayListContent	List-21
removePlayList	List-22
getPlayListIDs
getPlayListContent	List-22
removePlayList	List-23
getPlayListIDs
getPlayListContent	List-23
removePlayList	List-24
getPlayListIDs
getPlayListContent	List-24
removePlayList	List-25
getPlayListIDs
getPlayListContent	List-25
removePlayList	List-26
getPlayListIDs
getPlayListContent	List-26
removePlayList	List-27
getPlayListIDs
getPlayListContent	List-27
removePlayList	List-28
getPlayListIDs
getPlayListContent	List-28
removePlayList	List-29
getPlayListIDs
getPlayListContent	List-29
removePlayList	List-30
getPlayListIDs
getPlayListContent	List-30
removePlayList	List-31
getPlayListIDs
getPlayListContent	List-31
removePlayList	List-32
getPlayListIDs
getPlayListContent	List-32
removePlayList	List-33
getPlayListIDs
getPlayListContent	List-33
removePlayList	List-34
getPlayListIDs
getPlayListContent	List-34
removePlayList	List-35
getPlayListIDs
getPlayListContent	List-35
removePlayList	List-36
getPlayListIDs
getPlayListContent	List-36
removePlayList	List-37
getPlayListIDs
getPlayListContent	List-37
removePlayList	List-38
getPlayListIDs
getPlayListContent	List-38
removePlayList	List-39
getPlayListIDs
getPlayListContent	List-39
removePlayList	List-40
getPlayListIDs
getPlayListContent	List-40
removePlayList	List-41
getPlayListIDs
getPlayListContent	List-41
removePlayList	List-42
getPlayListIDs
getPlayListContent	List-42
removePlayList	List-43
getPlayListIDs
getPlayListContent	List-43
removePlayList	List-44
getPlayListIDs
getPlayListContent	List-44
removePlayList	List-45
getPlayListIDs
getPlayListContent	List-45
removePlayList	List-46
getPlayListIDs
getPlayListContent	List-46
removePlayList	List-47
getPlayListIDs
getPlayListContent	List-47
removePlayList	List-48
getPlayListIDs
getPlayListContent	List-48
removePlayList	List-49
getPlayListIDs
getPlayListContent	List-49
removePlayList	List-50
getPlayListIDs
getPlayListContent	List-50
removePlayList	List-51
getPlayListIDs
getPlayListContent	List-51
removePlayList	List-52
getPlayListIDs
getPlayListContent	List-52
removePlayList	List-53
getPlayListIDs
getPlayListContent	List-53
removePlayList	List-54
getPlayListIDs
getPlayListContent	List-54
removePlayList	List-55
getPlayListIDs
getPlayListContent	List-55
removePlayList	List-56
getPlayListIDs
getPlayListContent	List-56
removePlayList	List-57
getPlayListIDs
getPlayListContent	List-57
removePlayList	List-58
getPlayListIDs
getPlayListContent	List-58
removePlayList	List-59
getPlayListIDs
getPlayListContent	List-59
removePlayList	List-60
getPlayListIDs
getPlayListContent	List-60
removePlayList	List-61
getPlayListIDs
getPlayListContent	List-61
removePlayList	List-62
getPlayListIDs
getPlayListContent	List-62
removePlayList	List-63
getPlayListIDs
getPlayListContent	List-63
removePlayList	List-64
getPlayListIDs
getPlayListContent	List-64
removePlayList	List-65
getPlayListIDs
getPlayListContent	List-65
removePlayList	List-66
getPlayListIDs
getPlayListContent	List-66
removePlayList	List-67
getPlayListIDs
getPlayListContent	List-67
removePlayList	List-68
getPlayListIDs
getPlayListContent	List-68
removePlayList	List-69
getPlayListIDs
getPlayListContent	List-69
removePlayList	List-70
getPlayListIDs
getPlayListContent	List-70
removePlayList	List-71
getPlayListIDs
getPlayListContent	List-71
removePlayList	List-72
getPlayListIDs
getPlayListContent	List-72
removePlayList	List-73
getPlayListIDs
getPlayListContent	List-73
removePlayList	List-74
getPlayListIDs
getPlayListContent	List-74
removePlayList	List-75
getPlayListIDs
getPlayListContent	List-75
removePlayList	List-76
getPlayListIDs
getPlayListContent	List-76
removePlayList	List-77
getPlayListIDs
getPlayListContent	List-77
removePlayList	List-78
getPlayListIDs
getPlayListContent	List-78
removePlayList	List-79
getPlayListIDs
getPlayListContent	List-79
removePlayList	List-80
getPlayListIDs
getPlayListContent	List-80
removePlayList	List-81
getPlayListIDs
getPlayListContent	List-81
removePlayList	List-82
getPlayListIDs
getPlayListContent	List-82
removePlayList	List-83
getPlayListIDs
getPlayListContent	List-83
removePlayList	List-84
getPlayListIDs
getPlayListContent	List-84
removePlayList	List-85
getPlayListIDs
getPlayListContent	List-85
removePlayList	List-86
getPlayListIDs
getPlayListContent	List-86
removePlayList	List-87
getPlayListIDs
getPlayListContent	List-87
removePlayList	List-88
getPlayListIDs
getPlayListContent	List-88
removePlayList	List-89
getPlayListIDs
getPlayListContent	List-89
removePlayList	List-90
getPlayListIDs
getPlayListContent	List-90
removePlayList	List-91
getPlayListIDs
getPlayListContent	List-91
removePlayList	List-92
getPlayListIDs
getPlayListContent	List-92
removePlayList	List-93
getPlayListIDs
getPlayListContent	List-93
removePlayList	List-94
getPlayListIDs
getPlayListContent	List-94
removePlayList	List-95
getPlayListIDs
getPlayListContent	List-95
removePlayList	List-96
getPlayListIDs
getPlayListContent	List-96
removePlayList	List-97
getPlayListIDs
getPlayListContent	List-97
removePlayList	List-98
getPlayListIDs
getPlayListContent	List-98
removePlayList	List-99
getPlayListIDs
getPlayListContent	List-99
createPlayList	SearchList
addSearchToPlayList	SearchList	Sunrise	""	""	""	-1	-1	-1	-1
getPlayListContent	SearchList
addSearchToPlayList	SearchList	""	Phil Collins	""	""	-1	-1	-1	-1
getPlayListContent	SearchList
addSearchToPlayList	SearchList	""	""	Rap	""	-1	-1	-1	-1
getPlayListContent	SearchList
addSearchToPlayList	SearchList	""	""	""	Los Gavilanes	-1	-1	-1	-1
getPlayListContent	SearchList
addSearchToPlayList	SearchList	""	""	""	""	2005	2010	-1	-1
getPlayListContent	SearchList
addSearchToPlayList	SearchList	""	""	""	""	-1	-1	250	290
getPlayListContent	SearchList
addSearchToPlayBackQueue	Boom Boom	""	""	""	-1	-1	-1	-1
getPlayBackQueue
addSearchToPlayBackQueue	""	Chopin	""	""	-1	-1	-1	-1
getPlayBackQueue
addSearchToPlayBackQueue	""	""	R&B	""	-1	-1	-1	-1
getPlayBackQueue
addSearchToPlayBackQueue	""	""	""	Daddy's Little Girls	-1	-1	-1	-1
getPlayBackQueue
addSearchToPlayBackQueue	""	""	""	""	1980	1981	-1	-1
getPlayBackQueue
addSearchToPlayBackQueue	""	""	""	""	-1	-1	330	380
getPlayBackQueue
clearPlayBackQueue
removePlayList	SearchList
createPlayList	CombinedSearchList
addSearchToPlayList	CombinedSearchList	Bembe	Mayito Rivera	Salsa	Negrito Bailador	-1	-1	-1	-1
getPlayListContent	CombinedSearchList
addSearchToPlayList	CombinedSearchList	Bembe	Mayito Rivera	Salsa	Negrito Bailador	2005	2005	-1	-1
getPlayListContent	CombinedSearchList
addSearchToPlayList	CombinedSearchList	Bembe	Mayito Rivera	Salsa	Negrito Bailador	2005	2005	269	269
getPlayListContent	CombinedSearchList
addSearchToPlayList	CombinedSearchList	Bembe	Mayito Rivera	Salsa	Negrito Bailador	2005	2005	100	200
getPlayListContent	CombinedSearchList
addSearchToPlayBackQueue	Fools Like Me	Jerry Lee Lewis	Rock	The Best Of Jerry Lee Lewis	-1	-1	-1	-1
getPlayBackQueue
addSearchToPlayBackQueue	Fools Like Me	Jerry Lee Lewis	Rock	The Best Of Jerry Lee Lewis	1982	1982	-1	-1
getPlayBackQueue
addSearchToPlayBackQueue	Fools Like Me	Jerry Lee Lewis	Rock	The Best Of Jerry Lee Lewis	1982	1982	192	192
getPlayBackQueue
addSearchToPlayBackQueue	Fools Like Me	Jerry Lee Lewis	Rock	The Best Of Jerry Lee Lewis	1985	1990	192	192
getPlayBackQueue
